[
  {
    "elements": [
      {
        "id": "health-module---validation-across-health-module;alert-message-in-physical-priorities-page.",
        "keyword": "Scenario",
        "line": 80,
        "name": "Alert message in Physical priorities page.",
        "steps": [
          {
            "arguments": [],
            "keyword": "Given ",
            "name": "Once User is logged in using \"newUserLogin1\"",
            "result": {
              "status": "failed",
              "duration": 1334653985,
              "error_message": "{ message: 'Connection refused! Is selenium server started?\\n',\n  data: \n   { [Error: connect ECONNREFUSED 127.0.0.1:5555]\n     code: 'ECONNREFUSED',\n     errno: 'ECONNREFUSED',\n     syscall: 'connect',\n     address: '127.0.0.1',\n     port: 5555 } }"
            },
            "line": 81,
            "match": {
              "location": "C:\\NightwatchHMV1\\features\\step_definitions\\ReusableTests.js:17"
            }
          },
          {
            "arguments": [],
            "keyword": "When ",
            "name": "User Clicks on \"HomePage|buttonGetStartedHealth\" Link or Button",
            "result": {
              "status": "skipped"
            },
            "line": 82,
            "match": {
              "location": "C:\\NightwatchHMV1\\features\\step_definitions\\ReusableTests.js:47"
            }
          },
          {
            "arguments": [],
            "keyword": "When ",
            "name": "\"HealthPage|LabelWelcomepage\" page or message should be displayed",
            "result": {
              "status": "skipped"
            },
            "line": 83,
            "match": {
              "location": "C:\\NightwatchHMV1\\features\\step_definitions\\ReusableTests.js:54"
            }
          },
          {
            "arguments": [],
            "keyword": "When ",
            "name": "User Clicks on \"HealthPage|buttonHealthAccept\" Link or Button",
            "result": {
              "status": "skipped"
            },
            "line": 84,
            "match": {
              "location": "C:\\NightwatchHMV1\\features\\step_definitions\\ReusableTests.js:47"
            }
          },
          {
            "arguments": [],
            "keyword": "When ",
            "name": "User Clicks on \"HealthPage|buttonHealthConnectManually\" Link or Button",
            "result": {
              "status": "skipped"
            },
            "line": 85,
            "match": {
              "location": "C:\\NightwatchHMV1\\features\\step_definitions\\ReusableTests.js:47"
            }
          },
          {
            "arguments": [],
            "keyword": "When ",
            "name": "\"HealthPage|LabelPhysicalProperties\" page or message should be displayed",
            "result": {
              "status": "skipped"
            },
            "line": 86,
            "match": {
              "location": "C:\\NightwatchHMV1\\features\\step_definitions\\ReusableTests.js:54"
            }
          },
          {
            "arguments": [],
            "keyword": "When ",
            "name": "User Clicks on \"HealthPage|ButtonHealthNext\" Link or Button",
            "result": {
              "status": "skipped"
            },
            "line": 87,
            "match": {
              "location": "C:\\NightwatchHMV1\\features\\step_definitions\\ReusableTests.js:47"
            }
          },
          {
            "arguments": [],
            "keyword": "Then ",
            "name": "\"You have not made any changes to prioritising your interests. If you wish to proceed without making any changes, please select\" alert should be displayed",
            "result": {
              "status": "skipped"
            },
            "line": 88,
            "match": {
              "location": "C:\\NightwatchHMV1\\features\\step_definitions\\ReusableTests.js:79"
            }
          }
        ],
        "tags": [
          {
            "name": "@Test8",
            "line": 78
          },
          {
            "name": "@Scenario: 08",
            "line": 79
          }
        ],
        "type": "scenario"
      }
    ],
    "id": "health-module---validation-across-health-module",
    "keyword": "Feature",
    "line": 1,
    "name": "Health Module - validation across health module",
    "tags": [],
    "uri": "C:\\NightwatchHMV1\\features\\TC_006_HealthModule_User_Validation.feature"
  }
]